ID,Motif Type,PDB ID,NT Number
1799,hairpin,1p6v,"D27,D28,D29"
1800,hairpin,1p6v,"B27,B28,B29"
3629,hairpin,2m57,"A16,A17,A18"
13713,hairpin,5xxu,"'2'73,'2'74,'2'75"
17465,hairpin,6pc7,"I2150,I2151,I2152"
17597,hairpin,6pc8,"I2150,I2151,I2152"
17981,hairpin,6pcr,"I2150,I2151,I2152"
18237,hairpin,6pct,"I2150,I2151,I2152"
20429,hairpin,6wqq,"'1'1488,'1'1489,'1'1490"
21049,hairpin,6wyv,"I2150,I2151,I2152"
28625,hairpin,7ur5,"v46,v47,v48"
28626,hairpin,7ur5,"y46,y47,y48"
28629,hairpin,7ur5,"w46,w47,w48"
28643,hairpin,7uri,"y46,y47,y48"
28649,hairpin,7urm,"v46,v47,v48"
33593,hairpin,8ewg,"B3,B4,B5"
